{
	"5":  -2149.43889716706,
	"12": -2149.4806688198764,
	"20": -2149.6196485541236,
	"36": -2149.57505352752
}
